Lang,Direction,Index,Source,Reference,LLM_Translation,BLEU,ChrF,METEOR
Georgian,en_to_L,0,Vatican City's population is around 800. It is the smallest independent country in the world and the country with the lowest population.,"ვატიკანში დაახლოებით 800 ადამიანი ცხოვრობს. იგი მსოფლიოს ყველაზე პატარა დამოუკიდებელი ქვეყანაა, მოსახლეობის ყველაზე მცირე რაოდენობით.",ვატიკანის ქალაქის მოსახლეობა დაახლოებით 800 ადამიანს შეადგენს. ის მსოფლიოში ყველაზე პატარა დამოუკიდებელი ქვეყანაა და ყველაზე დაბალი მოსახლეობის მქონე ქვეყანაც.,15.362208233245513,63.35868888579515,48.74316939890711
Georgian,en_to_L,1,All citizens of Vatican City are Roman Catholic.,ყველა მოქალაქე ვატიკანში არის კათოლიკე.,ვატიკანის ქალაქის ყველა მოქალაქე რომაელი კათოლიკეა.,14.535768424205482,61.642305741801785,41.89435336976321
Georgian,en_to_L,2,"It has a notably wide variety of plant communities, due to its range of microclimates, differing soils and varying levels of altitude.","მიკროკლიმატის მრავალფეროვნების, სხვადასხვა ნიადაგისა და ზღვის დონიდან განსხვავებული სიმაღლის გამო, იგი გამოირჩევა მრავალფეროვანი ნიადაგით და სიმაღლის სახვდასხვა დონით.","მას აქვს მცენარეთა თემების შესამჩნევად ფართო მრავალფეროვნება, რაც განპირობებულია მიკროკლიმატების მრავალგვარობით, ნიადაგების განსხვავებულობითა და ზღვის დონიდან სიმაღლის ცვალებადობით.",8.3551771205213,47.90926314098454,22.8377065111759
Georgian,en_to_L,3,The Amazon River is the second longest and the biggest river on Earth. It carries more than 8 times as much water as the second biggest river.,მდინარე ამაზონი სიგრძით მეორე და დედამიწის ყველაზე დიდ მდინარეს წარმოადგენს. სიდიდით მეორე მდინარესთან შედარებით იგი 8-ჯერ უფრო წყალუხვია.,ამაზონის მდინარე დედამიწაზე სიგრძით მეორეა და სიდიდითაც ყველაზე დიდია. ის მეორე ყველაზე დიდ მდინარესთან შედარებით 8-ჯერ მეტ წყალს ატარებს.,10.517036597271202,58.06732820434172,39.73931992927922
Georgian,en_to_L,4,"Lion prides act much like packs of wolves or dogs, animals surprisingly similar to lions (but not other big cats) in behavior, and also very deadly to their prey.","ლომების პრაიდი ქცევებით ძალიან ჰგავს მგლების ან ძაღლების ხროვას, ცხოველებს, რომლებიც ასევე საოცრად ჰგვანან ლომებს ქცევის მანერით (მაგრამ არა სხვა დიდ კატებს) და ასევე ძალზე მომაკვდინებელია მათი მსხვერპლისთივს.","ლომები, რომლებიც პრაიდებად ცხოვრობენ, თავიანთი ქცევით ძალიან ჰგვანან მგლების ან ძაღლების გუნდებს: ცხოველები, რომლებიც ლომებს საოცრად ჰგვანან (მაგრამ სხვა დიდ კატებს არა), და ამასთანავე, უკიდურესად მომაკვდინებლები არიან თავიანთი მსხვერპლისთვის.",9.308376558330284,56.418752639879735,47.63302600570555
Georgian,en_to_L,5,It was one of the major stops during Henry Louis Gates' PBS special Wonders of the African World.,საზოგადოებრივი მაუწყებლობის ფარგლებში ჰენრი ლუი გეიტსის საავტორო „აფრიკული სამყაროს საოცრებების“ ჩაწერის დროს ის ერთ-ერთი მთავარი გაჩერების წერტილი იყო.,ეს იყო ჰენრი ლუის გეითსის PBS-ის სპეციალური გადაცემის „აფრიკული სამყაროს საოცრებები“ ერთ-ერთი მთავარი გაჩერება.,6.548045327407671,46.46849583269535,37.216828478964395
Georgian,en_to_L,6,Argentina is well known for having one of the best polo teams and players in the world.,მსოფლიოში არგენტინა ცნობილია ერთ-ერთი საუკეთესო გუნდით და მოთამაშეებით.,"არგენტინა ცნობილია იმით, რომ მსოფლიოში ერთ-ერთი საუკეთესო პოლოს გუნდი და მოთამაშეები ჰყავს.",9.238430210261097,75.41308974219618,60.25778732545649
Georgian,en_to_L,7,Sleep interruption is the process of purposefully awakening during your normal sleep period and falling asleep a short time later (10–60 minutes).,ძილის შეწყვეტა მიზანმიმართულად გაღვიძების პროცესია ნორმალური ძილის პერიოდში და ცოტა ხანშივე (10-60 წუთი) ხდება ჩაძინება.,"ძილის დარღვევა არის პროცესი, რომლის დროსაც შეგნებულად იღვიძებთ ძილის ჩვეულებრივ პერიოდში და შემდეგ მალევე (10–60 წუთში) კვლავ იძინებთ.",4.724932626401583,37.615864031837134,26.06477373558119
Georgian,en_to_L,8,"For example, “learning” and “socialization” are suggested as important motivations for Internet use (James et al., 1995).","მაგალითისთვის, „სწავლება“ და „სოციალიზაცია“ წარმოადგენს ინტერნეტის გამოყენების მნიშვნელოვან მოტივაციას (ჯეიმსი და სხვები, 1995).","მაგალითად, ინტერნეტის გამოყენების მნიშვნელოვან მოტივაციებად სახელდება „სწავლა“ და „სოციალიზაცია“ (James et al., 1995).",21.47917245987805,62.469685814738774,63.010101010101
Georgian,en_to_L,9,"After a week of losses in the midterm election, Bush told an audience about the expansion of trade in Asia.","ბუშმა პუბლიკას აზიაში ვაჭრობის გაფართოების შესახებ მას შემდეგ უამბო, რაც წააგო ერთკვირიანი შუალედური არჩევნები.",შუალედური არჩევნების დროს წაგებების ერთი კვირის შემდეგ ბუშმა აუდიტორიას აზიაში ვაჭრობის გაფართოების შესახებ უამბო.,18.84991955924285,65.13107286130936,48.218029350104814
Georgian,en_to_L,10,The village of Haldarsvík offer views of the nearby island Eysturoy and has an unusual octagonal church.,სოფელი ჰალდარსვიკი ახლომდებარე კუნძულ ესტუროისა და უჩვეულო რვაკუთხა ეკლესიას გადაჰყურებს.,"ჰალდარსვიკის სოფელი ხედებს სთავაზობს ახლომდებარე კუნძულ ეისტუროის და აქვს უჩვეულო, რვაკუთხა ეკლესია.",7.768562846380176,64.81607359314759,42.44175546324725
Georgian,en_to_L,11,It states that the most effective place for the main subject is at the intersection of lines dividing the image into thirds vertically and horizontally (see example).,"როგორც ჩანს, ძირითადი ობიექტის ყველაზე ეფექტური ხაზების გადაკვეთის ადგილია, ყოფს რა სურათს მესამედებად, ვერტიკალურად და ჰორიზონტალურად (იხ. მაგალითი).","იგი ამბობს, რომ მთავარი სუბიექტისთვის ყველაზე ეფექტური ადგილი არის გამოსახულების სამ თანაბარ ნაწილად ვერტიკალურად და ჰორიზონტალურად გამყოფი ხაზების გადაკვეთის წერტილი (იხ. მაგალითი).",25.881733463141213,61.78390791085738,54.290168448331734
Georgian,en_to_L,12,"Regular announcements in the Metro are made only in Catalan, but unplanned disruptions are announced by an automated system in a wide variety of languages including Spanish, English, French, Arabic and Japanese.","ყოველდღიური განცხადებები მეტროში მხოლოდ კატალონიურ ენაზე ცხადდება, თუმცა ავტომატური სისტემა გაუთვალისწინებელი შემთხვევების შესახებ რამდენიმე ენაზე ავრცელებს განცხადებებს, მაგალითად, ისეთ ენებზე, როგორიცაა ესპანური, ინგლისური, ფრანგული, არაბული და იაპონური.","მეტროში რეგულარული განცხადებები მხოლოდ კატალანურად კეთდება, მაგრამ დაუგეგმავი შეფერხებები კი ავტომატიზებული სისტემის მიერ სხვადასხვა ენაზე, მათ შორის ესპანურად, ინგლისურად, ფრანგულად, არაბულად და იაპონურად, ცხადდება.",2.0016728678555373,42.84848051543158,18.78612716763006
Georgian,en_to_L,13,One of the main Christian tenets is that wealth should be used to alleviate suffering and poverty and that the monetary funds of the church are there specifically for that reason.,"ის, რომ სიმდიდრის გამოყენება უნდა მოხდეს ტანჯვისა და სიღატაკის შესამცირებლად და, რომ ეკლესიაში ფულადი სახსრები სწორედ ამ მიზნით გროვდება, ერთ-ერთ მთავარ ქრისტიანულ პრინციპს წარმოადგენს.","ქრისტიანობის ერთ-ერთი მთავარი დოგმა ისაა, რომ სიმდიდრე უნდა გამოიყენებოდეს ტანჯვისა და სიღარიბის შესამსუბუქებლად, და რომ ეკლესიის ფულადი სახსრები სწორედ ამისთვისაა განკუთვნილი.",8.337294327475377,52.86028699080118,34.3070652173913
Georgian,en_to_L,14,NHK also reported that the Kashiwazaki Kariwa nuclear power plant in Niigata prefecture was operating normally.,"იაპონიის სამაუწყებლო კორპორაცია (NHK) ასევე იუწყება, რომ კაშივაზაკი კარივას ბირთვული ელექტროსადგური გამართულად მუშაობდა ნიიგიტას პრეფექტურაში.","NHK-მ ასევე განაცხადა, რომ ნიგატას პრეფექტურაში, კაშივაზაკი-კარივას ატომური ელექტროსადგური ჩვეულებრივ რეჟიმში მუშაობდა.",5.506227842735946,45.164382724207755,18.817204301075265
Georgian,en_to_L,15,"Fortunately, drivers tend to behave within a reasonably consistent range; thus, traffic streams tend to have some reasonable consistency and can be roughly represented mathematically.","მძღოლები გონივრული თანმიმდევრობის დიაპაზონში მოქმედებენ საბედნიეროდ; ამგვარად, ტრანსპორტის ნაკადებს ტენდენციურად აქვს გარკვეული გონივრული თანმიმდევრულობა და მათემატიკურად უხეშად შეიძლება იყოს წარმოდგენილი.","საბედნიეროდ, მძღოლები, როგორც წესი, ქცევენ შედარებით თანმიმდევრულ ფარგლებში; ამიტომაც, მოძრაობის ნაკადებსაც გარკვეული თანმიმდევრულობა ახასიათებს და მათი მათემატიკურად უხეშად წარმოდგენა შეიძლება.",4.424483358384046,51.50707722304162,29.47540169545632
Georgian,en_to_L,16,"Sadly, as newer methods of writing have emerged, the pencil has been relegated to lesser status and uses.","სამწუხაროდ, მას შემდეგ, რაც წერის ახალი მეთოდები გაჩნდა, ფანქარმა თავისი სტატუსი და საჭიროება დაკარგა.","სამწუხაროდ, წერის უფრო ახალი მეთოდების გაჩენის შემდეგ, ფანქარი ნაკლებად მნიშვნელოვან სტატუსში გადავიდა და მის გამოყენებასაც ნაკლები მნიშვნელობა მიენიჭა.",6.108557268562174,47.49562939146511,21.85792349726776
Georgian,en_to_L,17,"At the same time, the German navy, using mainly U-boats, was trying to stop this traffic.","რა დროსაც გერმანიის სამხედრო-საზღვაო ფლოტი, ძირითადად წყალქვეშა ნავების საშუალებით, ამ გადაზიდვების შეჩერაბას ცდილობდა.","ამავე დროს გერმანიის საზღვაო ფლოტი, ძირითადად წყალქვეშა ნავებით (U-ნავებით), ცდილობდა ამ მოძრაობის შეჩერებას.",16.467029855845897,60.26562553271221,47.325102880658434
Georgian,en_to_L,18,Using ships to transport goods is by far the most efficient way to move large amounts of people and goods across oceans.,"საქონლის ტრანსპორტირებისთვის გემების გამოყენება ყველაზე ეფექტური გზაა, განსაკუთრებით დიდი რაოდენობის მგზავრების და ოკეანის გავლით საქონლის გადაზიდვის შემთხვევაში.",საქონლის გადასაზიდად გემების გამოყენება უდავოდ არის ყველაზე ეფექტური გზა ოკეანეების გადაღმა დიდი რაოდენობის ადამიანებისა და საქონლის გადასაადგილებლად.,7.996449127674149,50.954898760713064,43.83597883597884
Georgian,en_to_L,19,"However, the percentage of XDR-TB in the entire group of people with tuberculosis still seems to be low; 6,000 of the total 330,000 people infected at any particular moment in South Africa.","ამის მიუხედავად, XDR-TB-ის პროცენტული მაჩვენებელი ტუბერკულოზით დაავადებული ადამიანების მთელ ჯგუფში მაინც დაბალია. სამხრეთ აფრიკაში ჯამში 330,000-იდან 6000 ადამიანი, ნებისმიერ კონკრეტულ მომენტში ინფიცირდება.","თუმცა, XDR-TB-ის პროცენტული მაჩვენებელი ტუბერკულოზით დაავადებულ ადამიანთა მთლიან ჯგუფში კვლავ დაბლად ჩანს; სამხრეთ აფრიკაში ნებისმიერ მოცემულ მომენტში ინფიცირებულია სულ 330 000-დან 6 000 ადამიანი.",16.17308490175298,64.47341055334938,39.16560238399319
Georgian,en_to_L,20,"The bill requires violent video games sold in the state of California to be labeled with a decal reading ""18"" and makes their sale to a minor punishable by a fine of $1000 per offense.",კალიფორნიაში გაყიდვადი ძალადობრივი ვიდეო თამაშების ეტიკეტირება „18“-ით და მცირეწლოვანებისთვის მათი მიყიდვის შემთხვევაში 1000 აშშ დოლარის ოდენობით ჯარიმის დაკისრება მოითხოვება კანონპროექტით.,"კანონპროექტი მოითხოვს, რომ კალიფორნიის შტატში გაყიდული ძალადობრივი ვიდეო თამაშები იარლიყით იყოს მონიშნული, რომელზეც ეწერება „18“, და მათი გაყიდვა არასრულწლოვზე დასჯადია 1000 დოლარიანი ჯარიმით თითოეული დარღვევისთვის.",3.3868193354396166,49.19761541960834,31.039136302294203
Georgian,en_to_L,21,"This is the place the British colonisers took as their own and so if you are looking for evidence of the territory's colonial past, this is a good place to start.","ეს ის ადგილია, რომელიც ბრიტანელმა კოლონისტებმა დაიკავეს და საკუთარ ტერიტორიად აქციეს, შესაბამისად, თუ თქვენ ტერიტორიის კოლონიალური წარსულის მტკიცებულებებს ეძებთ, დასაწყებად ეს კარგი ადგილია.","ეს არის ადგილი, რომელიც ბრიტანელმა კოლონიზატორებმა საკუთარ საკუთრებად აქციეს; ამიტომ, თუ კოლონიური წარსულის დამადასტურებელ საბუთებს ეძებთ ამ ტერიტორიაზე, ეს კარგი საწყისი ადგილია.",9.360536595119175,55.13635489179208,43.162086818000795
Georgian,en_to_L,22,"During the 1980s he worked on shows such as Taxi, Cheers, and The Tracy Ullman Show.","1980-იან წლებში ის მუშაობდა ისეთ შოუებზე, როგორებიცაა „ტაქსი“, „გაგიმარჯოთ“ და „ტრეისი ულმანის შოუ“.","1980-იან წლებში ის მუშაობდა ისეთ შოუებზე, როგორებიცაა „Taxi“, „Cheers“ და „The Tracy Ullman Show“.",51.51630664996672,57.230281863461826,76.4220513864316
Georgian,en_to_L,23,"Nature-based tourism attracts people interested in visiting natural areas for the purpose of enjoying the scenery, including plant and animal wildlife.","იმ ადამიანების ყურადღებას, რომლებსაც ბუნებრივი ადგილების მონახულება აინტერესებთ პეიზაჟებით, მათ შორის მცენარეებითა და ველური ცხოველების დათვალიერების მიზნით, იზიდავს ბუნებაზე დაფუძნებული ტურიზმი.","ბუნებაზე დაფუძნებული ტურიზმი იზიდავს ადამიანებს, რომლებსაც სურთ ბუნებრივი ტერიტორიების მონახულება სცენურობის სანახავად, მათ შორის მცენარეული და ცხოველური ველური ბუნების დასათვალიერებლად.",12.34979704851187,58.45672993055261,42.76045095457539
Georgian,en_to_L,24,"Periodic rhythms, which are not simply responses to external periodic cues, have been documented for most living beings, including bacteria, fungi, plants, and animals.","პერიოდული რიტმები, რომლებიც უბრალოდ გარეგნულ პერიოდულ მითითებებს არ წარმოადგენს, ფიქსირდება ცოცხალი არსებების, მათ შორის ბაქტერიების, სოკოების, მცენარეების და ცხოველების უმეტესობის შემთხვევაში.","პერიოდული რიტმები, რომლებიც მხოლოდ გარე პერიოდული სიგნალების საპასუხო რეაქცია არ არის, დაფიქსირებულია ცოცხალი არსებების უმეტესობაში, მათ შორის ბაქტერიებში, სოკოებში, მცენარეებსა და ცხოველებში.",15.310245441182436,61.665548126114835,47.15047150471505
Georgian,en_to_L,25,Three more bombs exploded near government buildings in a period of two hours.,"ორი საათის განმავლობაში, მთავრობის შენობების სიახლოვეს კიდევ ორი ჭურვი აფეთქდა.",სამი დამატებითი ბომბი აფეთქდა მთავრობის შენობების მახლობლად ორი საათის განმავლობაში.,17.423472443716534,62.01094088416568,48.10495626822157
Georgian,en_to_L,26,Posted speed limits are noticeably lower than in previous and subsequent sections — commonly 35-40 mph (56-64 km/h) — and strict obedience to them is even more important than otherwise.,გამოქვეყნებული სიჩქარის შეზღუდვები წინა და მომდევნო მონაკვეთებთან შედარებით დაბალია — ზოგადად 35-40 მილი/სთ (56-64 კმ/ სთ) — და მათი მკაცრი დაცვა კიდევ უფრო სავალდებულოა.,"გამოქვეყნებული სიჩქარის ლიმიტები შესამჩნევად უფრო დაბალია, ვიდრე წინა და მომდევნო მონაკვეთებში — ჩვეულებრივ 35-40 mph (56-64 კმ/სთ) — და მათ მკაცრად დაცვას კიდევ უფრო დიდი მნიშვნელობა აქვს, ვიდრე სხვაგვარად.",32.39304721384209,56.57347601037143,52.62155911552347
Georgian,en_to_L,27,"Professor Pamela Ferguson of the University of Dundee notes ""journalists do seem to be walking a dangerous line if publishing photos etc of suspects.""","დანდის უნივერსიტეტის პროფესორმა პამელა ფერგიუსონმა აღნიშნა, რომ „ჟურნალისტები, როგორც ჩანს, საშიშ ზღვარს გადადიან, ეჭვმიტანილების ფოტოებს როდესაც აქვეყნებენ“.","დანდის უნივერსიტეტის პროფესორი პამელა ფერგიუსონი აღნიშნავს: „ჟურნალისტები ნამდვილად ისე იქცევიან, თითქოს საშიშ ზღვარზე დგანან, როცა აქვეყნებენ, მაგალითად, ეჭვმიტანილების ფოტოებს და ა.შ.“;",6.987283777978614,65.46061535686476,46.73052894627239
Georgian,en_to_L,28,"Goats seem to have been first domesticated roughly 10,000 years ago in the Zagros Mountains of Iran.","თხების მოშინაურება, როგორც ჩანს, პირველად დაახლოებით 10 000 წლის წინ, ირანში, ზაგროსის მთებში მოხდა.","თხები, როგორც ჩანს, პირველად დაახლოებით 10 000 წლის წინ მოიშინაურეს ირანის ზაგროსის მთებში.",52.97024382807352,73.36690965678656,66.10131949498465
Georgian,en_to_L,29,"Due to the underwater topology the return flow is concentrated at a few deeper sections, and a fast current to deep water may form there.",წყალქვეშა ტოპოლოგიის გამო უკუნაკადი ოდნავ უფრო ღრმა სექციებში კონცენტრირდება და აქედან შესაძლებელია ჩამოყალიბდეს უფრო სწრაფი ნაკადი ღრმა წყლის მიმართულებით.,"წყალქვეშა რელიეფის გამო, დაბრუნების დინება კონცენტრირდება რამდენიმე უფრო ღრმა მონაკვეთზე, და იქ შესაძლოა სწრაფი დინება წარმოიქმნას ღრმა წყლისკენ.",5.290165775046923,40.55068114958297,22.388059701492537
Georgian,en_to_L,30,"Up means you should start at the tip and push the bow, and down means you should start at the frog (which is where your hand is holding the bow) and pull the bow.","მაღლა გულისხმობს, რომ თქვენ უნდა დაიწყოთ ხემის წვეტიდან და მიაწვეთ მას, ხოლო დაბლა გულისხმობს, რომ თქვენ უნდა დაიწყოთ ხემის კალაპოტთან (იქ სადაც ხელით ხემი გიჭირავთ) და გამოწიოთ ის თქვენკენ.","„ზემოთ“ ნიშნავს, რომ უნდა დაიწყოთ წვერიდან და მიაწვეთ მშვილდს, ხოლო „ქვემოთ“ ნიშნავს, რომ უნდა დაიწყოთ ბაყაყიდან (ის ადგილია, სადაც ხელით გიჭირავთ მშვილდი) და მოქაჩოთ მშვილდი.",6.317345945616626,40.270588491593905,44.960826210826205
Georgian,en_to_L,31,"The cities of Harappa and Mohenjo-daro had a flush toilet in almost every house, attached to a sophisticated sewage system.","თითქმის ყველა სახლში ჰარაპასა და მოჯენჯო-დაროში განთავსებული იყო ჩასარეცხი უნიტაზი, რომელიც უკავშირდებოდა რთულ საკანალიზაციო სისტემას.","ჰარაპასა და მოჰენჯო-დაროს ქალაქებს თითქმის ყველა სახლში ჰქონდა ჩაშენებული ტუალეტი, რომელიც მიერთებული იყო დახვეწილ კანალიზაციის სისტემასთან.",12.512236921161914,54.46224463265806,48.11926936683272
Georgian,en_to_L,32,Authorities speculate that this indicates that containers holding uranium fuel at the site may have ruptured and are leaking.,"ხელისუფლება ვარაუდობს, რომ აღნიშნული ადგილზე მდებარე ურანის საწვავით სავსე კონტეინერების გახეთქვასა და გაჟონვაზე მიუთითებს.","ხელისუფლება ვარაუდობს, რომ ეს იმაზე მიუთითებს, რომ ადგილზე არსებულმა ურანის საწვავის შემცველმა კონტეინერებმა შეიძლება გაიხა და გაჟონოს.",14.6798691397542,60.90927126975699,41.96778078891899
Georgian,en_to_L,33,"Germany was a common enemy in World War 2, leading to cooperation between the USSR and USA. With the end of the war the clashes of system, process and culture led to the countries falling out.","მე-2 მსოფლიო ომის დროს, საერთო მტერი იყო გერმანია, რატომაც სსრკ-მ და აშშ-მ თანამშრომლობა გადაწყვიტეს. ომის დასრულების შემდეგ კი, აზრთა სხვადასხვაობამ სისტემის, პროცესის და კულტურის მიმართ ქვეყნებს შორის განხეთხილება გამოიწვია.","მეორე მსოფლიო ომის დროს გერმანია საერთო მტრად ითვლებოდა, რის შედეგადაც სსრკ-სა და აშშ-ს შორის თანამშრომლობა დამყარდა. ომის დასრულების შემდეგ კი სისტემის, პროცესისა და კულტურის დაპირისპირებებმა განაპირობა, რომ ქვეყნები ერთმანეთს დაშორდნენ.",17.864866390812015,54.97427203451439,49.29642857142858
Georgian,en_to_L,34,"But being placed in the ""high tropics"" just a few degrees north of equator you will need to deal with both heat (always) and strong sun (when the sky is clear, more rarely).","მაგრამ როდესაც „მაღალ ტროპიკებში“ იმყოფებით ეკვატორიდან ჩრდილოეთით სულ რამდენიმე გრადუსში, თქვენ უნდა აიტანოთ როგორც სიცხე (ყოველთვის), ასევე ძლიერი მზე (უფრო იშვიათად, როდესაც ცა სუფთაა).","მაგრამ „მაღალ ტროპიკებში“ — ეკვატორიდან მხოლოდ რამდენიმე გრადუსით ჩრდილოეთით — მოხვედრილი რომ იქნებით, თქვენ მუდმივად მოგიწევთ გაუმკლავდეთ სიცხეს და, როცა ცა გაიწმინდება, უფრო იშვიათად, ძლიერ მზესაც.",7.555622721710419,48.89187683409495,39.529175884955755
Georgian,en_to_L,35,"No major damage or injuries have been reported in Tonga, but power was temporarily lost, which reportedly prevented Tongan authorities from receiving the tsunami warning issued by the PTWC.","ტონგიდან სერიოზული ზარალის ან დანაკარგების შესახებ არაფერი გადმოუციათ, თუმცა დროებით ელექტროენერგიის მიწოდება შეწყდა, რამაც ხელი შეუშალა, რომ წყნარი ოკეანის ცუნამის გამაფრთხილებელი ცენტრის მიერ გაცემული ცუნამის შესახებ გაფრთხილება ტონგანის ხელისუფლებას გაეთვალისწინებინა.","ტონგაში არ დაფიქსირებულა რაიმე სერიოზული ზიანი ან დაშავება, თუმცა დროებით ელექტროენერგია გათიშა, რაც, გავრცელებული ინფორმაციით, ხელი შეუშალა ტონგას ხელისუფლებას PTWC-ის მიერ გაცემული ცუნამის გაფრთხილების მიღებაში.",8.889110748301068,46.11359950264372,34.07434402332361
Georgian,en_to_L,36,It is Martelly's fifth CEP in four years.,ოთხი წლის განმავლობაში ეს მარტელის მეხუთე დროებითი საარჩევნო საბჭოა.,მარტელის მეხუთე CEP-ია ოთხ წელიწადში.,9.22364410103253,28.136161347509038,26.620370370370374
Georgian,en_to_L,37,Hamilton confirmed Howard University Hospital admitted the patient in stable condition.,"ჰოვარდის უნივერსიტეტის ჰოსპიტალმა პაციენტი სტაბილურ მდგომარეობაში მიიღო, რაც ჰამილტონის მიერ იქნა დადასტურებული.","ჰემილტონმა დაადასტურა, რომ ჰოვარდის უნივერსიტეტის საავადმყოფოში პაციენტი სტაბილურ მდგომარეობაში მიიღეს.",14.59522521830732,62.79206413890853,45.99230996746525
Georgian,en_to_L,38,"Women: It is recommended that any women travellers say that they are married, regardless of actual marital status.","ქალები: რეკომენდებულია, რომ ნებისმიერმა მოგზაურმა ქალმა რეალური ოჯახური მდგომარეობის მიუხედავად თქვას, რომ ის გათხოვილია.","ქალები: რეკომენდებულია, რომ ქალმა მოგზაურებმა თქვან, რომ ისინი დაქორწინებულები არიან, მიუხედავად იმისა, რეალურად არიან თუ არა დაქორწინებულები.",19.383418023456656,50.57832571361382,40.21621621621622
Georgian,en_to_L,39,"All of the cave entrances, which were named ""The Seven Sisters"", are at least 100 to 250 meters (328 to 820 feet) in diameter.","გამოქვაბულის ყველა შესასვლელი, რომელსაც „შვიდი და“ დაარქვეს, 100-დან 250 მეტრამდეა დიამეტრში (328-დან 820 ფუტამდე).","ყველა გამოქვაბულის შესასვლელი, რომლებიც „შვიდ დადას“ სახელით იყო ცნობილი, მინიმუმ 100-დან 250 მეტრამდე (328-დან 820 ფუტამდე) დიამეტრისაა.",35.88526294648079,64.92912382041739,62.81690140845071
Georgian,en_to_L,40,"Subcultures can be distinctive because of the age, ethnicity, class, location, and/or gender of the members.","სუბკულტურები წევრთა ასაკის, ეთნიკური ნიშნის, კლასის, ლოკაციის და/ან სქესის მიხედვით შეიძლება განსხვავდებოდეს.","სუბკულტურები შეიძლება განსხვავდებოდნენ წევრების ასაკის, ეთნიკურობის, კლასის, მდებარეობის და/ან სქესის გამო.",23.38135381601261,64.30579804248887,56.10062893081761
Georgian,en_to_L,41,"Her other race, the Giant Slalom, saw her finish in tenth in the women's sitting group with a combined run time of 4:41.30, 2:11.60 minutes slower than first place finisher Austrian Claudia Loesch and 1:09.02 minutes slower than the ninth place finisher Gyöngyi Dani of Hungary.","ის მომდევნო გიგანტური სლალომის შეჯიბრში, მჯდომარე ქალთა ჯგუფში მეათე ადგილზე გავიდა კომბინირებული დროთი 4:41.30, 2:11.60 წუთით უფრო გვიან, ვიდრე პირველ ადგილზე გასული კლაუდია ლოესი და 1:09.02 წუთით გვიან მეცხრე ადგილზე გასული უნგრელი გიონგი დანთან შედარებით.","მისი სხვა რბოლა — გიგანტური სლალომი — ხედავდა, რომ მან ქალთა „მჯდომარე“ ჯგუფში საერთო ჯამში 4:41.30 დროით მეათე ადგილი დაიკავა; ეს იყო 2:11.60 წუთით მეტი (ანუ უფრო ნელი) ვიდრე პირველი ადგილის მფლობელმა ავსტრიელმა კლაუდია ლოეშმა და 1:09.02 წუთით მეტი ვიდრე მეცხრე ადგილის მფლობელმა უნგრელმა ჯონგი დანიიმ.",13.924499401499876,50.143954067026996,30.32820583096372
Georgian,en_to_L,42,He is speculated to make a run for president in 2016.,მისგან საპრეზიდენტო კანდიდატურად წამოყენებას 2016 წელს ელოდებიან.,"2016 წელს ის პრეზიდენტობისთვის კენჭისყრას აპირებსო, როგორც ვარაუდობენ.",9.287528999566801,32.61562056180321,31.16531165311653
Georgian,en_to_L,43,Biological clocks are self sustaining oscillators which will continue a period of free-running cycling even in the absence of external cues.,"ბიოლოგიური საათი — ეს არის თვითმარეგულირებელი ოსცილატორი, რომელიც გარე ნიშნების არარსებობის შემთხვევაშიც კი თავისუფალი ციკლის პერიოდს მიყვება.","ბიოლოგიური საათები თვითშენარჩუნებადი ოსცილატორებია, რომლებიც გააგრძელებენ თავისუფალი ციკლური რხევების პერიოდს გარე მინიშნებების არარსებობის შემთხვევაშიც კი.",9.96024701752457,62.64507944944888,36.610191752035725
Georgian,en_to_L,44,"For Australians, the idea of 'flat white' coffee is foreign. A short black is 'espresso', cappuccino comes heaped high with cream (not froth), and tea is served without milk.","ავსტრალიელებისთვის უცხოა ე.წ. „ფლეტ უაიტ“ ყავის იდეა. ცოტა და შავ ყავას ისინი „ესპრესოს“ უწოდებენ, კაპუჩინოს თავზე ნაღების მაღალი ფენა აქვს (არა ქაფი), ჩაითი კი რძის გარეშე გაგიმასპინძლდებიან.","ავსტრალიელებისთვის „ფლეთ უაითის“ ყავის იდეა უცხოა. მოკლე შავი („შორტ ბლექ“), ეს არის „ესპრესო“; კაპუჩინო კი კრემითაა სავსე მაღლა-მაღლა (არა ქაფით), ხოლო ჩაი მიაქვთ რძის გარეშე.",4.721735371590034,41.28131521282715,36.03516256221317
Georgian,en_to_L,45,"Women should realize that cultural differences may result in what they would consider harassment and it is not uncommon to be followed, grabbed by the arm, etc.","ქალებმა უნდა გააცნობიერონ რომ კულტურული განსხვავებები შეიძლება მათ მიერ მიჩნეულ იქნას გენდერულ შევიწროებად და ხშირია, რომ ვინმე ქალს აედევნოს, ჩაავლოს ხელი მკლავში და აშ.","ქალებმა უნდა გააცნობიერონ, რომ კულტურულმა განსხვავებებმა შესაძლოა გამოიწვიოს ის, რასაც ისინი შევიწროებად მიიჩნევდნენ, და არცთუ იშვიათია, რომ ვინმემ მიჰყვეს, მკლავში ჩაავლოს და ა.შ.",7.1285123835796025,52.281316933848906,36.91698572920292
Georgian,en_to_L,46,"Romanticism had a large element of cultural determinism, drawn from writers such as Goethe, Fichte, and Schlegel.","კულტურული დეტერმინიზმის მნიშვნელოვანი შემადგენელი ნაწილი იყო რომანტიზმი, რომელიც მოდიოდა ისეთი მწერლებისგან, როგორც გოეთე, ფიხტე და შლეგელი.","რომანტიზმს დიდი წილი ჰქონდა კულტურული განსაზღვრულობისა, რომელიც მომდინარეობდა ისეთ მწერლებიდან, როგორებიც არიან გოეთე, ფიხტე და შლეგელი.",28.05155032016294,50.701409085210145,48.4
Georgian,en_to_L,47,"At the other end of the spectrum, one morphs into an unrecognizable individual that feels he or she must change everything the team has been doing and make it their own.","ადამიანი ამოუცნობ ფიგურად იქცევა სპექტრის მეორე ბოლოს, რომელიც გრძნობს, რომ უნდა შეცვალოს ყველაფერი და გახადოს ეს მათი საქმე, რასაც გუნდი ახორციელებდა.","სპექტრის მეორე ბოლოში ადამიანი გარდაიქმნება ისეთ ინდივიდად, რომლისთვისაც უკვე შეუძლებელია მისი ამოცნობა; მას კი ჰგონია, რომ ვალდებულია მთლიანად შეცვალოს ყველაფერი, რასაც გუნდი აკეთებდა, და ეს ყველაფერი თავისად აქციოს.",7.488431799307931,46.90171551747627,37.03411866677173
Georgian,en_to_L,48,Pre-operative transgender people should not expect to pass through the scanners with their privacy and dignity intact.,"ის ტრანსგენერი ადამიანები, რომლებსაც ოპერაცია ჯერ არ გაუკეთებიათ, არ უნდა ელოდონ, რომ სკანერებში პირადი სივრცისა და ღირსების ხელშეუხლებლად გაივლიან.","ოპერაციამდე ტრანსგენდერ ადამიანებს არ უნდა ელოდოთ, რომ სკანერებში გაივლიან საკუთარი პირადი ცხოვრების ხელშეუხებლობისა და ღირსების სრულად შენარჩუნებით.",9.810210565769394,58.55313170905947,39.469026548672566
Georgian,en_to_L,49,"A course will normally be from 2-5 days and will involve role play, a lot of first aid and sometimes weapons training.","როგორც წესი, კურსი გრძელდება 2-დან 5 დღემდე და როლურ თამაშს, პირველადი დახმარებისა და ზოგჯერ იარაღის ხმარების სწავლებას მოიცავს.","კურსი, როგორც წესი, გრძელდება 2-დან 5 დღემდე და მოიცავს როლურ თამაშებს, უამრავ პირველ დახმარებას და ზოგჯერ იარაღის სწავლებას.",38.00429186757679,69.57352430437125,74.5912527263484
Georgian,en_to_L,50,"Since there was limited response to this tactic, Germany expected a similar response to its unrestricted submarine warfare.","გამომდინარე იქიდან, რომ ამ ტაქტიკას შეზღუდული რეაგირება მოჰყვა, გერმანია მსგავს რეაგირებას ელოდა წყალქვეშა საომარი მოქმედებებისას, რომელიც არ იყო მისთვის აკრძალული.","ვინაიდან ამ ტაქტიკაზე შეზღუდული პასუხი იყო, გერმანია ელოდა, რომ მსგავსი პასუხი გაეცემოდა მის დაუზღუდავ წყალქვეშა ომზე.",5.53411561762098,32.95908978553647,27.04255319148936
Georgian,en_to_L,51,"Dustin ""Goldust"" Runnels commented that ""Luna was as freaky as me...maybe even more...love her and will miss her...hopefully she's in a better place.""","დასტინ „გოლდასტ“ რანელსის განცხადებით: „ლუნა იყო ისეთივე გადარეული, როგორიც მე ვარ... შეიძლება მეტადაც... მიყვარს იგი და მომენატრება... იმედი მაქვს, რომ ის უკეთეს ადგილასაა“.","დასტინ „გოლდასტ“ რუნლზმა კომენტარი გააკეთა: „ლუნა ისეთივე უცნაური იყო, როგორც მე... შესაძლოა კიდევ უფრო მეტად... მიყვარდა ის და მომენატრება... იმედია, უკეთეს ადგილასაა.“",20.083578979261194,53.135786164202536,51.0465976331361
Georgian,en_to_L,52,Over four million people went to Rome to attend the funeral.,რომში დაკრძალვას ოთხ მილიონზე მეტი ადამიანი ესწრებოდა.,"ოთხ მილიონზე მეტმა ადამიანმა რომში მიაღწია, რათა დაკრძალვაზე დასწრებოდა.",8.913765521398126,65.78690933390173,38.027108433734945
Georgian,en_to_L,53,"Although pyramid-building in stone continued until the end of the Old Kingdom, the pyramids of Giza were never surpassed in their size and the technical excellence of their construction.","გიზას პირამიდები ზომით და მშენებლობის ტექნიკური სრულყოფილებით მათ არასოდეს აღემატებოდა თუმცა, ქვაში პირამიდის მშენებლობა ძველი სამეფოს დასრულებამდე გრძელდებოდა.","მიუხედავად იმისა, რომ ქვისგან პირამიდების აგება ძველი სამეფოს დასასრულამდე გრძელდებოდა, გიზას პირამიდები არასოდეს გადაჭარბებულა არც ზომით და არც მათი აგების ტექნიკური სრულყოფილებით.",6.667489966054595,59.815934523258285,49.86449864498645
Georgian,en_to_L,54,"The only way to get it through faster was to send it as checked luggage. Airline regulations will not allow them to send luggage without a passenger, which is where you come in.","მისი უფრო სწრაფად გატარების ერთ-ერთი გზა შემოწმებული ბარგის სახით მისი გაგზავნა იყო. მათ არ აქვთ უფლება ბარგი მგზავრის გარეშე გაგზავნონ მოქმედი რეგულაციებიდან გამომდინარე, სწორედ აქ შემოდიხართ თქვენ.","მის მისაღებად ერთადერთი გზა უფრო სწრაფად იყო მისი ჩაბარებული ბარგით გაგზავნა. ავიაკომპანიის წესები მათ მგზავრის გარეშე ბარგის გაგზავნის უფლებას არ მისცემს, და სწორედ აქ ჩაერევით თქვენ.",6.003517408409978,45.49659910490163,44.14368541042229
Georgian,en_to_L,55,"He referred to the rumors as ""political chatter and silliness"".",მან ჭორებს „პოლიტიკური ლაყბობა და სისულელე“ უწოდა.,მან ჭორებს უწოდა „პოლიტიკური ჭორაობა და სისულელე“.,17.965205598154213,70.07638301384756,82.28395061728395
Georgian,en_to_L,56,"Since the foundation of Asunción in 1537, Paraguay has managed to keep a lot of its indigenous character and identity.",პარაგვაიმ 1537 წელს ასუნსიონის დაარსების შემდეგ შეძლო და შეინარჩუნა ბევრი ძირძველი მახასიათებელი და იდენტობა.,1537 წელს ასუნსიონის დაარსების შემდეგ პარაგვაიმ მოახერხა შეენარჩუნებინა თავისი ძირძველი ხასიათისა და იდენტობის დიდი ნაწილი.,26.518122980477767,64.06523127188038,54.492682528002625
Georgian,en_to_L,57,First among its 78 recommendations is that a new diplomatic initiative should be taken before the end of this year to secure Iraq’s borders against hostile interventions and to re-establish diplomatic relations with its neighbors.,"ამ წლის დასრულებამდე მტრის შეტევებისგან ერაყის საზღვრების დაცვისთვის ახალი დიპლომატიური ინიციატივის აღება და მეზობელ ქვეყნებთან დიპლომატიური კავშირების აღდგენა უნდა მოესწროს, რაც 78 რეკომენდაციას შორის უპირველესს წარმოადგენს.","ამ 78 რეკომენდაციიდან პირველში ნათქვამია, რომ ამ წლის ბოლომდე უნდა განხორციელდეს ახალი დიპლომატიური ინიციატივა, რათა ერაყის საზღვრები დაცული იყოს მტრული ჩარევებისგან და აღდგეს დიპლომატიური ურთიერთობები მის მეზობლებთან.",4.521920382276018,49.8499144511278,28.324834417677746
Georgian,en_to_L,58,"Two songs from the movie, Audition (The Fools Who Dream) and City of Stars, received nominations for best original song. Lionsgate studio received 26 nominations — more than any other studio.","ორმა სიმღერამ ფილმიდან, „მოსმენამ“ (სულელები, რომლებიც ოცნებობენ) და „ვარსკვლავების ქალაქმა“, საუკეთესო ორიგინალური სიმღერისთვის ნომინაციაში გაიმარჯვეს. სტუდია Lionsgate-ი 26 ნომინაციაში დაჯილდოვდა — უფრო მეტი, ვიდრე სხვა სტუდიებმა აიღეს.",ფილმიდან „აუდიცია“ („The Fools Who Dream“) და „ქალაქი ვარსკვლავებისა“ ორი სიმღერა დაჯილდოვდა საუკეთესო ორიგინალური სიმღერის ნომინაციებით. Lionsgate-ის სტუდიას კი 26 ნომინაცია ჰქონდა — ყველაზე მეტი ნებისმიერი სხვა სტუდიისგან.,4.010956956393881,51.194358591666976,31.49767392213199
Georgian,en_to_L,59,"Because the dinosaur feathers do not have a well-developed shaft, called a rachis, but do have other features of feathers — barbs and barbules — the researchers inferred the rachis was likely a later evolutionary development that these other features.","იქედან გამომდინარე, რომ დინოზავრის ბუმბულებს არ აქვთ კარგად განვითარებული ღერო, ეგრეთ წოდებული ხერხემალი, თუმცა მათ აქვთ ბუმბულის სხვა მახასიათებლები - ჯაგარი და ბალანი, მკვლევარები ვარაუდობენ, რომ შესაძლოა ხერხემალი უფრო გვიან ჩამოყალიბდა, ვიდრე ეს სხვა მახასიათებლები.","იმის გამო, რომ დინოზავრის ბუმბულებს არ აქვთ კარგად განვითარებული ღერძი, რომელსაც რაქისი ეწოდება, მაგრამ აქვთ ბუმბულის სხვა ნიშნები — ბარბები და ბარბულები — მკვლევრებმა დაასკვნეს, რომ რაქისი სავარაუდოდ მოგვიანებით, ევოლუციის პროცესში განვითარდა, სწორედ ამ სხვა ნიშნებთან ერთად.",21.529598963807313,46.94228782910068,43.45082938388625
Georgian,en_to_L,60,The pH level is indicated by the amount of Hydrogen (the H in pH) ions in the tested chemical.,pH-ის დონე განისაზღვრება შემოწმებულ ქიმიკატში წყალბადის (pH-ში H) იონების რაოდენობით.,pH-ის დონე განისაზღვრება ტესტირებულ ქიმიურ ნივთიერებაში წყალბადის (pH-ში „H“) იონების რაოდენობით.,32.85702044797774,75.75952280551911,80.71832473746349
Georgian,en_to_L,61,The aspect ratio of this format (dividing by twelve to obtain the simplest whole-number ratio) is therefore said to be 3:2.,"ამ ფორმატის თანაფარდობა (რომელიც იყოფა თორმეტზე რათა მივიღოთ უმარტივესი მთელი რიცხვის თანაფარდობა) შესაბამისად, როგორც აღნიშნულ იქნა, არის 3:2.","ამიტომ ამ ფორმატის ასპექტის კოეფიციენტად (12-ზე გაყოფით, რათა მივიღოთ ყველაზე მარტივი მთელი რიცხვების შეფარდება) 3:2 ითვლება.",9.44739216994155,35.46343044526505,32.77533039647577
Georgian,en_to_L,62,"While one experimental vaccine appears able to reduce Ebola mortality, up until now, no drugs have been clearly demonstrated suitable for treating existing infection.","მიუხედავად იმისა, რომ ერთ ექსპერიმენტალურ ვაქცინას როგორც ჩანს შეუძლია ებოლას სიკვდილიანობის შემცირება, ამ დრომდე, არც ერთი წამალი აშკარად არ ჩაითვალა შესაფერისად, რომ არსებული ინფექცია განეკურნა.","მიუხედავად იმისა, რომ ერთ-ერთმა ექსპერიმენტულმა ვაქცინამ, როგორც ჩანს, შეუძლია შეამციროს ებოლათი გამოწვეული სიკვდილიანობა, დღემდე არც ერთ წამალს არ დაუმტკიცებია მკაფიოდ, რომ ის შესაფერისია უკვე არსებული ინფექციის სამკურნალოდ.",11.297784303920567,57.44612775441404,38.64351278877887
Georgian,en_to_L,63,"Since students are often the most critical audience, the blog writer begins to strive to improve writing to avoid criticism.","რამდენადაც ყველაზე კრიტიკულ აუდიტორიას სტუდენტები წარმოადგენენ, ბლოგის ავტორი კრიტიკის შესამცირებლად ცდილობს წერის მანერის დახვეწას.","ვინაიდან სტუდენტები ხშირად ყველაზე კრიტიკული აუდიტორია არიან, ბლოგის ავტორი ცდილობს, გააუმჯობესოს წერა, რათა თავიდან აიცილოს კრიტიკა.",8.808424865565325,47.45372624693494,29.243404678944746
Georgian,en_to_L,64,"Around 3 minutes into the launch, an on-board camera showed numerous pieces of insulation foam break away from the fuel tank.",გაშვებიდან დაახლოებით 3 წუთში საბორტო კამერამ დააფიქსირა საწვავის ავზიდან გამოყოფილი საიოლაციო ქაფის უამრავი ნაწილი.,"გაშვებიდან დაახლოებით 3 წუთის შემდეგ, ხომალდის შიდა კამერამ აჩვენა, რომ საწვავის ავზიდან მრავალი თბოსაიზოლაციო ქაფის ნაჭერი ჩამოიჭრა.",10.079037376973918,54.57917147020896,45.3125
Georgian,en_to_L,65,Liggins followed in his father’s footsteps and entered a career in medicine.,ლიგინსმა მამამისის კვალდაკვალ სამედიცინო კარიერა დაიწყო.,ლიგინსმა მამის კვალს გაჰყვა და მედიცინაში დაიწყო კარიერა.,6.742555929751843,62.485969134521056,27.77777777777778
Georgian,en_to_L,66,"He arrived in the US with 4 cents to his name, a book of poetry, and a letter of recommendation from Charles Batchelor (his manager in his previous job) to Thomas Edison.","იგი აშშ-ში ჩამოვიდა 4 ცენტით, ლექსების წიგნით და ჩარლზ ბეჩელორის (მისი ხელმძღვანელი თავის წინა სამსახურში) მიერ თომას ედისონისთვის მიწერილი სარეკომენდაციო წერილით.","იგი ჩავიდა აშშ-ში 4 ცენტით ჯიბეში, პოეზიის წიგნით და ჩარლზ ბატჩელორისგან (წინა სამსახურში მისი მენეჯერისგან) თომას ედისონისადმი სარეკომენდაციო წერილით.",13.568609805473077,56.72209814533291,59.26303158834693
Georgian,en_to_L,67,"With only eighteen medals available a day, a number of countries have failed to make the medal podium.","ქვეყანათა გარკვეულმა რაოდენობამ ვერ მიაღწია სამედლე პოდიუმამდე, ვინაიდან დღეში მხოლოდ თვრამეტი მედალი იყო ხელმისაწვდომი.","მხოლოდ დღეში ხელმისაწვდომი თვრამეტი მედლით, რამდენიმე ქვეყანამ ვერ შეძლო მედლების პოდიუმზე მოხვედრა.",4.004295488829884,43.5962048548193,22.151898734177212
Georgian,en_to_L,68,Science’s main goal is to figure out the way the world works through the scientific method. This method in fact guides most scientific research.,"მეცნიერების მთავარი მიზანია გაარკვიოს, თუ სამყარო როგორ მუშაობს სამეცნიერო მეთოდეით. ფაქტობრივად, სამეცნიერო კვლევების უმეტესობის დროს ამ მეთოდით ხელმძღვანელობენ.","მეცნიერების მთავარი მიზანია სამეცნიერო მეთოდის მეშვეობით გაარკვიოს, როგორ მუშაობს სამყარო. ეს მეთოდი, ფაქტობრივად, წარმართავს მეცნიერების უმეტეს კვლევას.",11.664454871103965,64.16826076439118,45.6428187197418
Georgian,en_to_L,69,"Lakkha Singh presented the chhappan bhog bhajan as well. Singer, Raju Khandelwal was accompanying him.",ლაკჰა საინმა ასევე იმღერა სიმღერა სახელწოდებით „ორმოცდათექვსმეტი ბჰაჯანი“. მას აკომპანიმენტი გაუწია მომღერალმა რაჯუ კჰანდევალმა.,"ლაკხა სინგჰმა ჩჰაპან ბოგ ბჰაჯანი ასევე წარადგინა. მომღერალი, რაჯუ ხანდელვალი, მას ახლდა.",3.657015913414383,26.365875675084794,16.853932584269664
Georgian,en_to_L,70,"A doctor who worked at Children's Hospital of Pittsburgh, Pennsylvania will be charged with aggravated murder after her mother was found dead in the trunk of her car Wednesday, authorities in Ohio say.","ოჰაიოს ხელისუფლების განცხადებით, პიტსბურგში, პენსილვანიაში ბავშვთა საავადმყოფოში მომუშავე ექიმს წაეყენება ბრალი დამამძიმებელი გარემოებით მკვლელობაში მას შემდეგ, რაც ოთხშაბათს დედამისი აღმოაჩინეს მისი მანქანის საბარგულში.","პენსილვანიის შტატის პიტსბურგის ბავშვთა საავადმყოფოში მომუშავე ექიმს ოჰაიოს ხელისუფლების ცნობით, სამშაბათს მისი დედის ცხედრის მისი ავტომობილის საბარგულში აღმოჩენის შემდეგ, მძიმე განზრახ მკვლელობის ბრალდება წაუყენეს.",12.991916506579942,55.81871239950007,40.03343621399176
Georgian,en_to_L,71,The early reports say the plane was diverted back to Afghanistan after being denied an emergency landing in Ürümqi.,"ადრეული ცნობები იუწყება, რომ ავღანეთში თვითმფრინავი მას შემდეგ დაბრუნდა, რაც უარი მიიღო ურუმკში საგენგებო დაშვებაზე.","საწყისი ცნობების თანახმად, თვითმფრინავი გადამისამართდა უკან ავღანეთში მას შემდეგ, რაც უარი უთხრეს ურუმჩიში (Ürümqi) საგანგებო დაშვების ნებართვაზე.",9.364337313929381,51.047374959176594,41.66666666666667
Georgian,en_to_L,72,"In 1624,Dutch East India Company establishes a base in southwestern Taiwan, initiating a transformation in aboriginal grain production practices and employing Chinese laborers to work on its rice and sugar plantations.","ჰოლანდიის აღმოსავლეთ ინდოეთის კომპანია 1624 წელს ტაივანის სამხრეთ-დასავლეთ ნაწილში აარსებს ბაზას, ინიციატივით ცვლილებები შეიტანოს აბორიგენული მარცვლეულის წარმოებაში და ბრინჯსა და შაქრის პლანტაციებზე ჩინელ მუშებს ასაქმებს.","1624 წელს ჰოლანდიის აღმოსავლეთ ინდოეთის კომპანიამ დააარსა ბაზა ტაივანის სამხრეთ-დასავლეთ ნაწილში, რითაც დაიწყო აბორიგენული მარცვლეულის წარმოების პრაქტიკების გარდაქმნა და იყენებდა ჩინელ მუშებს, რათა ემუშავათ მის ბრინჯისა და შაქრის პლანტაციებზე.",12.953700070819764,68.29320199567678,61.36363636363637
Georgian,en_to_L,73,"Bishkek was described as sinking into a state of ""anarchy"" by one observer, as gangs of people roamed the streets and plundered stores of consumer goods.","ბიშეკი ერთმა დამკვირვებელმა დაახასიათა როგორც „ანარქიაში“ ჩაძირული, რადგან ადამიანთა ჯგუფები დაეხეტებოდნენ ქუჩაში და ძარცვავდნენ სამომხმარებლო მაღაზიებს.","ბიშკეკი ერთმა დამკვირვებელმა აღწერა, როგორც „ანარქიის“ მდგომარეობაში ჩაძირვა, მაშინ როცა ბანდები ხალხისა ქუჩებში დახეტიალობდნენ და სამომხმარებლო საქონლის მაღაზიებს ძარცვავდნენ.",5.0313176545008735,53.279771387213856,39.154918165613346
Georgian,en_to_L,74,The idea of skiing is very old — cave paintings depicting skiers date back as far as 5000 BC!,"თხილამურის იდეა უძველესი დროიდან მოდის — გამოქვაბულებში აღმოჩენილი ნახატები, რომელზეც მოთხილამურეები არიან გამოსახულნი, თარიღდება ჩვენს წელთაღრიცხვამდე 5000 წლით!","თხილამურებით სრიალის იდეა ძალიან ძველია — გამოქვაბულის ნახატები, რომლებშიც თხილამურებით მოსრიალენი არიან გამოსახულნი, ჯერ კიდევ ძვ.წ. 5000 წლიდან თარიღდება!",8.383924775392588,52.209675393447895,39.08018867924528
Georgian,en_to_L,75,"In particular, it is claimed that one can detect whether a person is lying by interpreting micro-expressions correctly.","უფრო ზუსტად კი, აცხადებენ რომ იტყუება თუ არა ადამიანი შეიძლება დადგინდეს მიკრო გამოსახულებების სწორი ინტერპრეტაციით.","განსაკუთრებით, ამტკიცებენ, რომ მიკრო-გამომეტყველებების სწორად ინტერპრეტაციით შესაძლებელია იმის დადგენა, იტყუება თუ არა ადამიანი.",17.02602472176709,51.32440532180607,41.314338235294116
Georgian,en_to_L,76,"Shooters in the supplementary pest control trial were to be closely supervised by rangers, as the trial was monitored and its effectiveness evaluated.","მავნებლების წინააღმდეგ ბრძოლის კონტროლის დამატებით გამოცდაში მონაწილე მსროლელები უნდა ყოფილიყვნენ რეინჯერების მეთვალყურეობის ქვეშ, რადგან გამოცდა კონტროლდებოდა და უნდა შეფასებულიყო მისი ეფექტურობა.","დამატებითი მავნებელთან ბრძოლის საცდელ პროგრამაში მსროლელები რეინჯერებს უნდა დაექვემდებარებინათ მჭიდრო ზედამხედველობა, რადგან საცდელი პროგრამა კონტროლდებოდა და ფასდებოდა მისი ეფექტიანობა.",5.719596624536265,42.25687648327997,30.18735109378385
Georgian,en_to_L,77,"İzmir is the third largest city in Turkey with a population of around 3.7 million, the second biggest port after Istanbul, and a very good transport hub.","თურქეთის სიდიდით მესამე ქალაქი იზმირია, სადაც დაახლოებით 3,7 მილიონი ადამიანი ცხოვრობს, ის სტამბოლის მერე მეორე უდიდესი პორტი და სატრანსპორტო საკვანძო ადგილია.","იზმირი არის თურქეთის სიდიდით მესამე ქალაქი, დაახლოებით 3,7 მილიონი მოსახლეობით; მეორე უდიდესი პორტია სტამბულის შემდეგ და ძალიან კარგი სატრანსპორტო კვანძია.",17.441010508732383,62.099921255775904,50.147310044316804
Georgian,en_to_L,78,"During his trip, Iwasaki ran into trouble on many occasions.",ივასაკი მოგზაურობის დროს ბევრჯერ აღმოჩნდა სხვადასხვა უსიამოვნო გარემოებაში გარეული.,მის მოგზაურობაში ივასაკიმ არაერთხელ სირთულეები/პრობლემები წააწყდა.,4.266331692956901,28.486617352457316,5.154639175257731
Georgian,en_to_L,79,"It is related to but usually not involving alpine style ski touring or mountaineering, the latter ones done in steep terrain and requiring much stiffer skis and boots.","ეს ასოცირდება, მაგრამ, როგორც წესი, არ არის დაკავშირებული ალპური სტილის სათხილამურო ტურებთან ან ალპინიზმთან, ეს უკანასკნელი ხორციელდება ციცაბო რელიეფზე და უფრო მყარ თხილამურებს და ჩექმებს მოითხოვს.","ეს უკავშირდება, თუმცა ჩვეულებრივ არ მოიცავს ალპური სტილის სათხილამურო ტურს ან მთასვლელობას; ეს უკანასკნელი კი ხორციელდება ციცაბო რელიეფზე და მოითხოვს გაცილებით უფრო მყარ სათხილამუროებსა და ჩექმებს.",15.696997233959136,59.13166856129205,55.70295355613916
Georgian,en_to_L,80,Any amendments or requests though should be coursed through the travel agent first and not directly with the hotel.,პირველ რიგში ნებისმიერი ტიპის ცვლილებასთან ან მოთხოვნასთან დაკავშირებით კომუნიკაცია უნდა მოხდეს ტურისტული სააგენტოს და არა პირდაპირ სასტუმროს მეშვეობით.,ნებისმიერი ცვლილება ან მოთხოვნა ჯერ მოგზაურობის აგენტმა უნდა გაატაროს და პირდაპირ სასტუმროსთან არ უნდა გააკეთოთ.,3.1731598193072434,41.86327865384481,16.042780748663098
Georgian,en_to_L,81,"Downhill snowsports, which include skiing and snowboarding, are popular sports involving sliding down snow-covered terrain with skis or a snowboard attached to your feet.","დაუნჰილის თოვლის სპორტის სახეობები, რომელიც თხილამურებს და სნოუბორდს მოიცავს, პოპულარული სპორტია, რომელიც მოიცავს სრიალით ან ფეხებზე მიმაგრებული სნოუბორდით დაშვებას თოვლით დაფარულ რელიეფზე.","დაღმართზე სრიალის სპორტი, რომელშიც შედის თხილამურებით სრიალიც და სნოუბორდიც, პოპულარული სპორტია: ეს არის თოვლით დაფარულ ფერდობზე სრიალი, როცა ფეხზე თხილამურები გაქვს დამაგრებული ან სნოუბორდი.",7.162250879517439,51.458057816434945,31.501901140684414
Georgian,en_to_L,82,"Middle order batsmen, Sachin Tendulkar and Rahul Dravid, performed well and made a hundred-run partnership.","საჩინ ტენდულკარმა და რაჰულ დრავიდმა, შუა რგოლის ბურთის მომგერიებლებმა ძალიან კარგი შედეგი დადეს და ასწლიანი პარტნიორობა ჩამოაყალიბეს.","შუა რიგის ბატსმენებმა, საკინ ტენდულკარმა და რაჰულ დრავიდმა, კარგად ითამაშეს და ას-გარბენიანი პარტნიორობა დაამყარეს.",22.045650580086985,49.66736845350528,43.76805883898083
Georgian,en_to_L,83,Police superintendent Chandra Shekhar Solanki said the accused appeared in court with covered faces.,"პოლიციის ინსპექტორის ჩანდრა შეკხარ სოლანკის თქმით, დანაშაულში ბრალდებულნი დაფარული სახეებით წარდგნენ სასამართლოს წინაშე.","პოლიციის უფროსმა ჩანდრა შეიხარ სოლანკიმ განაცხადა, რომ ბრალდებულები სასამართლოში სახე დაფარული ჰქონდათ.",3.9538040630560025,44.98995062779771,16.778523489932883
Georgian,en_to_L,84,"But, after losing the captain's wicket India only made 36 runs loosing 7 wickets to end the innings.","მაგრამ ინდოეთმა, კაპიტნის ვიკეტის დაკარგვის შემდეგ, მხოლოდ 36 გარბენი შეასრულა, რა დროსაც 7 ვიკეტი დაიხსნა ინინგების გათამაშების დროს.",მაგრამ კაპიტნის ვიკეტის დაკარგვის შემდეგ ინდოეთმა მხოლოდ 36 გარბენი მოახერხა და 7 ვიკეტი წააგო ინინგის დასასრულებლად.,18.479180899238614,57.00575625603649,52.32558139534883
Georgian,en_to_L,85,"The main local beer is 'Number One', it is not a complex beer, but pleasant and refreshing. The other local beer is called ""Manta"".","„Number One“ ადგილობრივი საგულისხმო ლუდია, რომელიც არ არის კომპლექსური, თუმცა სასიამოვნო და გამაგრილებელი არომატისაა. მეორე ადგილობრივ ლუდს „Manta“ ეწოდება.","ადგილობრივი მთავარი ლუდი „ნომერ პირველი“ არის; ეს რთული ლუდი არ არის, მაგრამ სასიამოვნო და გამაგრილებელია. მეორე ადგილობრივ ლუდს „მანტა“ ჰქვია.",14.411291670643006,50.30206772772113,49.37269372693727
Georgian,en_to_L,86,"Soon after the outbreak of hostilities, Britain initiated a naval blockade of Germany.",ბრიტანეთმა გერმანია საზღვაო ბლოკადაში საომარი მოქმედებების დაწყებიდან უმოკლეს დროში მოაქცია.,"მძიმე შეტაკებების დაწყებიდან მალევე, ბრიტანეთმა დაიწყო გერმანიის საზღვაო ბლოკადა.",5.300156689756297,51.92037760014443,18.181818181818183
Georgian,en_to_L,87,Voyagers planning sex reassignment surgery abroad must ensure they're carrying valid documents for the return trip.,საზღვარგარეთ სქესის შეცვლის ოპერაციისთვის მიმავალმა მოგზაურებმა უნდა უზრუნველყონ ვალიდური დოკუმენტების წარდგენა უკან დაბრუნების დროს.,"საზღვარგარეთ სქესის გადაყვანის (გენდერული) ოპერაციის დაგეგმვისას მოგზაურებმა უნდა უზრუნველყონ, რომ დაბრუნების გზისთვის მოქმედი დოკუმენტები თან აქვთ.",9.748124539759884,61.40209606242482,40.94799210006583
Georgian,en_to_L,88,Last month a presidential commission recommended the prior CEP's resignation as part of a package of measures to move the country towards new elections.,"გასულ თვეში საპრეზიდენტო კომისიამ დროებითი საარჩევნო საბჭოს (CEP) ვადამდელ გადადგომას გაუწია რეკომენდაცია, როგორც გასატარებელი ღონისძიების პაკეტის ნაწილს, რომელმაც ქვეყანა ახალი არჩევნებისკენ უნდა წაიყვანოს.","გასულ თვეში საპრეზიდენტო კომისიამ რეკომენდაცია გაუწია წინა CEP-ის გადადგომას, როგორც ღონისძიებების პაკეტის ნაწილს, რათა ქვეყანა ახალი არჩევნებისკენ წაეყვანათ.",17.5078901814316,59.86120653177905,54.94505494505494
Georgian,en_to_L,89,The distinct characteristics of the Internet lead to additional dimensions in terms of the uses and gratifications approach.,ინტერნეტის განმასხვავებელი მახასიათებლები იწვევენ დამატებითი პარამეტრების გამოყენების და გრაფიკაციის მიდგომის თვალსაზრისით.,ინტერნეტის გამორჩეული მახასიათებლები იწვევს დამატებით განზომილებებს „გამოყენებათა და კმაყოფილებათა“ (uses and gratifications) მიდგომის თვალსაზრისით.,10.123734869668828,57.54413479470324,40.24496937882765
Georgian,en_to_L,90,"Cuomo, 53, began his governorship earlier this year and signed a bill last month legalizing same-sex marriage.",გუბერნატორის თანამდებობა 53 წლის კუომომ ამ წლის დასაწყისში დაიკავა და ერთი სქესის წარმომადგენლებს შორის ქორწინების კანონპროექტს ხელი გასულ თვეში მოაწერა.,"კუომომ, 53 წლისამ, ამ წლის დასაწყისში დაიწყო გუბერნატორობა და გასულ თვეში ხელი მოაწერა კანონპროექტს, რომელიც ერთსქესიანთა ქორწინებას ლეგალიზებას უკეთებდა.",9.59330328254962,54.19961730526545,44.66391509433962
Georgian,en_to_L,91,"Boating is a national pastime in Finland, with a boat to every seven or eight people.",ფინეთში გართობის ეროვნულ სახეობად შვიდი ან რვა ადამიანით სავსე ნავით სეირნობა არის მიჩნეული.,ფინეთში ნავით სეირნობა ეროვნული გართობაა: ყოველ შვიდ ან რვა ადამიანს ერთი ნავი ჰყავს.,8.225964699966553,52.141107630918704,36.249014972419225
Georgian,en_to_L,92,This is an important way to distinguish between some verbs and objects.,ეს ზოგიერთი ზმნისა და საგნის გასარჩევად მნიშვნელოვანი მეთოდია.,"ეს არის მნიშვნელოვანი გზა, რათა განვასხვავოთ ზოგიერთი ზმნა და ობიექტი ერთმანეთისგან.",4.6192151051305474,46.46918922228367,26.595744680851062
Georgian,en_to_L,93,"However, this does not come cheap: as rough rules of thumb, you can expect to pay up to four times the normal economy fare for business, and eleven times for first class!","თუმცა, ეს არ დაჯდება იაფი: უხეში დათვლით, ბიზნეს კლასში გადაიხდით სტანდარტული ეკონომ-კლასის საფასურის ოთხმაგ ოდენობას, ხოლო პირველ კლასში თერთმეტჯერ მეტი ოდენობის გადახდა მოგიწევთ!","თუმცა ეს იაფი არ გამოდის: როგორც უხეში ორიენტირი, ბიზნეს კლასში შეიძლება ელოდოთ ჩვეულებრივ ეკონომ კლასთან შედარებით ოთხჯერ მეტის გადახდას, ხოლო პირველი კლასისთვის — თერთმეტჯერ მეტს!",7.647779668764416,44.29650284512483,32.2495735854619
Georgian,en_to_L,94,"You may also wish to consult the advice of governments other than your own, but their advice is designed for their citizens.","შესაძლებელია, რომ თქვენ მოგინდეთ რეკომენდაციის გაგება თქვენი ქვეყნის მთავრობის გარდა, თუმცა მათი რჩევა ძირითადად მორგებულია მათ მოქალაქეებზე.","თქვენ ასევე შეიძლება გინდოდეთ, მიმართოთ რჩევისთვის თქვენს გარდა სხვა მთავრობებს, მაგრამ მათი რჩევა გათვლილია მათი მოქალაქეებისთვის.",5.254067602505405,36.955999143245954,17.587939698492463
Georgian,en_to_L,95,If you only go ashore using shipboard excursions you will not need a separate visa (as of 2009).,"თუ გემის ექსკურსიებით გადახვალთ სანაპიროზე, თქვენ აღარ დაგჭირდებათ ცალკე ვიზა (2009 წლის მდგომარეობით).","თუ მხოლოდ ნაპირზე გადმოხვალთ გემზე მოწყობილი ექსკურსიებით, ცალკე ვიზა არ დაგჭირდებათ (2009 წლის მდგომარეობით).",32.934059711691795,61.953942524855435,65.78947368421053
Georgian,en_to_L,96,"The strain of bird flu lethal to humans, H5N1, has been confirmed to have infected a dead wild duck, found on Monday, in marshland near Lyon in the east of France.","ფრინველის გრიპის შტამი H5N1, რომელიც ადამიანისთვის მომაკვდინებელია, დაუდასტურდა ინფიცირებულ მკვდარ გარეულ იხვს, რომელიც საფრანგეთის აღმოსავლეთით, ლიონის მახლობლად ორშაბათს იპოვეს.","ადამიანებისთვის საშიში ფრინველის გრიპის შტამი, H5N1, დადასტურებულია, რომ დაინფიცირდა ორშაბათს საფრანგეთის აღმოსავლეთში, ლიონის მახლობლად, ჭაობიან ტერიტორიაზე ნაპოვნი მკვდარი გარეული იხვი.",11.601529016234943,59.52814355461376,44.80659200938921
Georgian,en_to_L,97,Foster care is supposed to provide all the necessities that were lacking in the home they were previously taken from.,"თავშესაფრები უნდა ითვალისწინებდეს ბავშვებისთვის იმ ყველა საჭიროების დაკმაყოფილებას, რაც მათ ძველ სახლში აკლდათ, საიდანაც მათი წამოყვანა მოხდა.","მინდობით აღზრდა უნდა უზრუნველყოფდეს ყველა იმ აუცილებელ საჭიროებას, რაც აკლდა იმ ოჯახს, საიდანაც ისინი ადრე აიყვანეს.",6.460277033650751,32.878967120555636,31.721105527638194
Georgian,en_to_L,98,"The work done was mostly theoretical, but the program was written to simulate observations made of the Sagittarius galaxy.","თუმცა პროგრამა მშვილდოსნის გალაქტიკაზე დაკვირვების სიმულაციისთვის იყო დაწერილი, შესრულებული სამუშაო იყო ძირითადად თეორიული.","ჩატარებული სამუშაო ძირითადად თეორიული იყო, მაგრამ პროგრამა დაიწერა იმისთვის, რომ სიმულაცია გაეკეთებინა მშვილდოსნის გალაქტიკაზე გაკეთებული დაკვირვებებისა.",7.012887580040735,63.42119999381257,44.69296135962802
Georgian,en_to_L,99,"Historians have criticized past FBI policies for focusing resources on cases which are easy to solve, especially stolen car cases, with the intent of boosting the agency's success rate.","ისტორიკოსები აკრიტიკებდნენ გამოძიების ფედერალური ბიუროს წარსულ პოლიტიკას, რომელიც ემსახურებოდა სააგენტოს წარმატების მაჩვენებლის გაზრდის მიზნით რესურსების მიმართვას ისეთ საქმეებზე, რომელთა გამოძიებაც მარტივი იყო, განსაკუთრებით კი მოპარული ავტომობილების საქმეებზე.","ისტორიკოსებმა გააკრიტიკეს FBI-ის წარსული პოლიტიკა იმის გამო, რომ რესურსებს მიმართავდა იმ საქმეებზე, რომელთა მარტივად გადაწყვეტაც შეიძლებოდა, განსაკუთრებით მოპარული ავტომობილების საქმეებზე, რათა სააგენტოს წარმატების მაჩვენებელი გაეზარდა.",9.89341847395209,57.82433614443787,30.643203883495147
